-- phpMyAdmin SQL Dump
-- version 4.6.5.2
-- https://www.phpmyadmin.net/
--
-- Хост: 127.0.0.1:3306
-- Время создания: Мар 13 2017 г., 12:52
-- Версия сервера: 5.5.53
-- Версия PHP: 5.5.38

SET SQL_MODE = "NO_AUTO_VALUE_ON_ZERO";
SET time_zone = "+00:00";


/*!40101 SET @OLD_CHARACTER_SET_CLIENT=@@CHARACTER_SET_CLIENT */;
/*!40101 SET @OLD_CHARACTER_SET_RESULTS=@@CHARACTER_SET_RESULTS */;
/*!40101 SET @OLD_COLLATION_CONNECTION=@@COLLATION_CONNECTION */;
/*!40101 SET NAMES utf8mb4 */;

--
-- База данных: `portfolio`
--

-- --------------------------------------------------------

--
-- Структура таблицы `articles`
--

CREATE TABLE `articles` (
  `id` int(11) NOT NULL,
  `title` varchar(255) DEFAULT NULL,
  `images` varchar(255) NOT NULL,
  `text` text,
  `categories_id` int(11) DEFAULT NULL,
  `pubdate` datetime DEFAULT NULL,
  `views` int(11) NOT NULL DEFAULT '0'
) ENGINE=InnoDB DEFAULT CHARSET=utf8;

--
-- Дамп данных таблицы `articles`
--

INSERT INTO `articles` (`id`, `title`, `images`, `text`, `categories_id`, `pubdate`, `views`) VALUES
(1, 'Гонщик', 'racer', 'Гонщик в фотошопе', 5, '2017-02-18 12:46:15', 3),
(2, 'Arnold Schwarzenegger', 'Arnold', 'Arnold Schwarzenegger рисунок карандашом', 5, '2017-02-22 13:22:17', 11),
(3, 'Cocos Paradise', 'cocos_paradise', 'Cocos Paradise рисунок с помощью граф.планшета', 5, '2017-02-22 13:41:14', 5),
(4, 'Sheriff', 'Sheriff', 'Шериф', 5, '2017-02-22 13:41:35', 4),
(5, 'Батарейка', 'battery', 'Векторная батарейка', 4, '2017-02-22 14:03:19', 39),
(6, 'CODU', 'CODU', 'CODU Game lab', 4, '2017-02-22 14:03:13', 1),
(7, 'Стакан', 'glass', 'Стакан виски', 4, '2017-02-22 14:10:27', 0),
(8, 'Спичка', 'matches', 'Горящая спичка', 4, '2017-02-22 14:12:30', 0),
(9, 'Горы', 'mountains', 'Векторные горы', 4, '2017-02-22 14:13:32', 95),
(10, 'Сова', 'owl', 'Векторная сова', 4, '2017-02-22 14:13:17', 0),
(11, 'Кролик', 'rabbit', 'Векторный кролик', 4, '2017-02-22 13:14:17', 0),
(12, 'Nike', 'nike', 'Кроссовок Nike', 5, '2017-03-05 13:20:39', 0),
(13, 'Neon girl', 'neon', 'Неоновая девушка', 5, '2017-03-05 13:24:17', 0),
(14, 'Сладкий блин', 'sweet', 'Блин с медом', 5, '2017-03-05 13:25:52', 0),
(15, 'Бегемот', 'бегемот', 'Коллаж с бегемотом', 5, '2017-03-05 13:32:43', 0),
(16, 'Гитара', 'гитара', 'Неоновая гитара', 5, '2017-03-05 13:49:38', 0),
(17, 'Мустанг', 'мустанг', 'Неоновый мустанг', 5, '2017-03-05 13:32:19', 0),
(18, 'Монета', 'монета', 'Японская монета', 5, '2017-03-05 13:23:57', 0),
(19, 'Панда', 'панда', 'Рисунок на картинке', 5, '2017-03-05 13:39:30', 0),
(20, 'Пирог', 'пирог', 'Морской пирог', 5, '2017-03-05 13:38:25', 0),
(21, 'Сайт', 'сайт', 'Набросок сайта', 5, '2017-03-05 13:41:39', 0),
(22, 'Светотень', 'светотень', 'Светотень', 5, '2017-03-05 13:32:22', 0),
(23, 'Сюрреализм', 'смесь', 'Сюрреализм', 5, '2017-03-05 13:44:54', 0),
(24, 'Сюрреализм', 'Сюрреaлизм', 'Еще один сюрреализм', 5, '2017-03-05 13:47:42', 0),
(25, 'Текст', 'текст', 'Текстовая фотография', 5, '2017-03-05 13:44:25', 0),
(26, 'Лого', 'лого', 'Логотип дизайн студии', 5, '2017-03-05 13:37:35', 0),
(27, 'Рука', 'рука', 'Векторная рука', 4, '2017-03-05 13:39:48', 0),
(28, 'Пиривидения', 'привидения', 'Векторные привидения', 4, '2017-03-05 13:40:53', 0),
(29, 'Портрет', 'портрет', 'Векторный портрет', 4, '2017-03-05 13:40:59', 0),
(30, 'Паттерн', 'паттерн', 'Зимний паттерн', 4, '2017-03-05 13:42:46', 0),
(31, 'Панкейк', 'панкейк', 'Панкейк с вишней', 4, '2017-03-05 13:43:52', 0),
(32, 'Открытка', 'открытка', 'Рождественская открытка', 4, '2017-03-05 13:44:28', 0),
(33, 'Олень', 'олень', 'Минималистичный олень', 4, '2017-03-05 13:45:23', 0),
(34, 'Афиша', 'Олейник_Онегин5', 'Афиша в театр', 4, '2017-03-05 13:46:32', 0),
(35, 'Афиша', 'Олейник_Онегин3', 'Еще один вариант афиши в театр', 4, '2017-03-05 13:47:38', 0),
(36, 'Катушка', 'нитка', 'Катушка с ниткой', 4, '2017-03-05 13:48:34', 0),
(37, 'Арт-кафе 3', 'Лого 3', '3й вариант логотипа', 4, '2017-03-05 13:49:18', 0),
(38, 'Арт-кафе 2', 'Лого 2', '2й вариант логотипа', 4, '2017-03-05 13:50:23', 0),
(39, 'Арт-кафе 1', 'Лого 1', '1й вариант логотипа', 4, '2017-03-05 13:51:30', 0),
(40, 'Книга', 'Книга', 'Векторная книга', 4, '2017-03-05 13:52:24', 0),
(41, 'Клубника', 'клубника', 'Клубника в шоколаде', 4, '2017-03-05 13:53:28', 0),
(42, 'Иконки', 'Иконки', 'Погодные иконки', 4, '2017-03-05 13:53:26', 0),
(43, 'Донецк', 'Донецк', 'Символика Донецка', 4, '2017-03-05 13:54:57', 0),
(44, 'Логотип', 'векторынй логотип', 'Векторынй логотип', 4, '2017-03-05 13:55:34', 0),
(45, 'Будь собой', 'Будь собой', 'Будь собой, другие роли уже заняты', 4, '2017-03-05 13:56:18', 0),
(46, 'STEP', 'STEP', 'Вариант логотипа для академии \"ШАГ\"', 4, '2017-03-05 13:57:32', 0),
(47, 'Статья', 'экзамен', 'Фруктовая статья', 4, '2017-03-05 13:58:36', 0),
(48, 'Шарики', 'шарики', '3d шарики в иллюстраторе', 4, '2017-03-05 13:59:36', 0),
(49, 'Шар', 'шар', '3D шар в иллюстраторе', 4, '2017-03-05 14:00:31', 0),
(50, 'Цветок', 'цветок', 'Цветок с помощью Mesh Tool', 4, '2017-03-05 14:01:21', 0),
(51, 'Фрукты', 'фрукты', 'Векторные фрукты', 4, '2017-03-05 14:02:13', 0),
(52, 'Торт', 'торт', 'Торт на 8 марта', 4, '2017-03-05 14:03:18', 0),
(53, 'Спираль', 'Спираль', 'Просто векторная спираль', 4, '2017-03-05 14:03:51', 5),
(54, 'Фото со студии', 'Фото1', 'Практика в студии', 2, '2017-03-05 15:04:23', 0),
(55, 'Фото со студии', 'Фото2', 'Практика в студии', 2, '2017-03-05 15:06:00', 0),
(56, 'Фото со студии', 'Фото3', 'Практика в студии', 2, '2017-03-05 15:06:20', 0),
(57, 'Отель', 'Фото4', 'Отель \"Виктория\"', 2, '2017-03-05 15:07:13', 0),
(58, 'Отель', 'Фото5', 'Отель \"Виктория\"', 2, '2017-03-05 15:08:29', 0),
(59, 'Отель', 'Фото6', 'Отель \"Виктория\"', 2, '2017-03-05 15:08:51', 0),
(60, 'Здание', 'Фото7', 'Городское здание', 2, '2017-03-05 15:09:16', 0),
(61, 'Закат', 'Фото8', 'Закат', 2, '2017-03-05 15:09:17', 0),
(62, 'Мак', 'Фото9', 'Полевой мак', 2, '2017-03-05 15:10:38', 0),
(63, 'Жук', 'Фото10', 'Жук в пыльце', 2, '2017-03-05 15:11:42', 0),
(64, 'Натюрморт', 'Фото12', 'Натюрморт в студии', 2, '2017-03-05 15:12:23', 0),
(65, 'Фризлайт', 'Фото13', 'Фризлайт с тлеющим пеньком', 2, '2017-03-05 15:13:29', 0),
(66, 'Фризлайт', 'Фото14', 'Фризлайт с тлеющим пеньком', 2, '2017-03-05 15:14:26', 0),
(67, 'Фризлайт', 'Фото15', 'Фризлайт с тлеющим пеньком', 2, '2017-03-05 15:14:16', 0),
(68, 'Ромашка', 'Фото16', 'Ромашка с каплями', 2, '2017-03-05 15:15:15', 0),
(69, 'Гусеница', 'Фото17', 'Огромная гусеница на розе', 2, '2017-03-05 15:15:17', 0),
(70, 'Пена', 'Фото18', 'Морская пена', 2, '2017-03-05 15:16:25', 0),
(71, 'Песок', 'Фото19', 'Песок', 2, '2017-03-05 15:16:16', 0),
(72, 'Камни', 'Фото20', 'Камни на пляже', 2, '2017-03-05 15:17:19', 0),
(73, 'Камни', 'Фото21', 'Камни на пляже', 2, '2017-03-05 15:17:23', 0),
(74, 'Вода', 'Фото22', 'Морская вода', 2, '2017-03-05 15:18:21', 0),
(75, 'Фонари', 'Фото23', 'Уличные фонари', 2, '2017-03-05 15:18:44', 0),
(76, 'Фары', 'Фото25', 'Фары автомобиля', 2, '2017-03-05 15:19:29', 0),
(77, 'Стопари', 'Фото26', 'Стопари автомобиля', 2, '2017-03-05 15:21:35', 0),
(78, 'Фонарь', 'Фото27', 'Уличный фонарь', 2, '2017-03-05 15:21:20', 0),
(79, 'Брызги', 'Фото30', 'Морские брызги', 2, '2017-03-05 15:22:23', 0),
(80, 'Краб', 'Фото31', 'Маленький краб', 2, '2017-03-05 15:22:12', 0),
(81, 'Тучи', 'Фото32', 'Тучи', 2, '2017-03-05 15:23:31', 0),
(82, 'Закат', 'Фото33', 'Закат', 2, '2017-03-05 15:23:22', 0),
(83, 'Мак', 'Фото36', 'Полевой мак', 2, '2017-03-05 15:24:00', 0),
(84, 'Цветок', 'Фото38', 'Полевой цветок', 2, '2017-03-05 15:24:28', 0),
(85, 'Гриб', 'Фото39', 'Маленький гриб', 2, '2017-03-05 15:26:27', 0),
(86, 'Одуванчик', 'Фото40', 'Одуванчик', 2, '2017-03-05 15:25:17', 0),
(87, 'Луна', 'Фото41', 'Луна', 2, '2017-03-05 15:26:12', 0),
(88, 'Фризлайт', 'Фото43', 'Фризлайт с тлеющим пеньком', 2, '2017-03-05 15:28:25', 0),
(89, 'Фризлайт', 'Фото44', 'Фризлайт с тлеющим пеньком', 2, '2017-03-05 15:29:00', 0),
(90, 'Фризлайт', 'Фото45', 'Фризлайт с тлеющим пеньком', 2, '2017-03-05 15:29:16', 0),
(91, 'Пенек', 'Фото46', 'Тлеющий пенек', 2, '2017-03-05 15:30:27', 0),
(92, 'Фризлайт', 'Фото48', 'Фризлайт с тлеющим пеньком', 2, '2017-03-05 15:30:15', 0),
(93, 'Фризлайт', 'Фото49', 'Фризлайт с тлеющим пеньком', 2, '2017-03-05 15:30:00', 0),
(94, 'Комментарий', '', 'Это страница комментариев', 9, '2017-03-06 09:12:00', 0);

-- --------------------------------------------------------

--
-- Структура таблицы `articles_categories`
--

CREATE TABLE `articles_categories` (
  `id` int(11) NOT NULL,
  `title` varchar(255) NOT NULL
) ENGINE=InnoDB DEFAULT CHARSET=utf8;

--
-- Дамп данных таблицы `articles_categories`
--

INSERT INTO `articles_categories` (`id`, `title`) VALUES
(1, 'Autodesk 3ds Max'),
(2, 'Photo'),
(3, 'HTML5 & CSS3'),
(4, 'Adobe Illustrator'),
(5, 'Adobe Photoshop'),
(6, 'php'),
(7, 'Flash'),
(8, 'AutoCad'),
(9, 'comments');

-- --------------------------------------------------------

--
-- Структура таблицы `comments`
--

CREATE TABLE `comments` (
  `id` int(11) NOT NULL,
  `email` varchar(255) NOT NULL,
  `nickname` varchar(255) NOT NULL,
  `text` text NOT NULL,
  `pubdate` datetime NOT NULL,
  `articles_id` int(11) NOT NULL,
  `name` varchar(255) NOT NULL
) ENGINE=InnoDB DEFAULT CHARSET=utf8;

--
-- Дамп данных таблицы `comments`
--

INSERT INTO `comments` (`id`, `email`, `nickname`, `text`, `pubdate`, `articles_id`, `name`) VALUES
(5, 'goooneoooogle@gmail.com', 'Bun', 'Проверка комментов!', '2017-03-06 13:35:00', 9, 'Vasiliy'),
(6, 'rogger@gmail.com', 'Funny Rogger', 'Lorem ipsum dolor sit amet, consectetur adipisicing elit, sed do eiusmod\r\ntempor incididunt ut labore et dolore magna aliqua. Ut enim ad minim veniam,\r\nquis nostrud exercitation ullamco laboris nisi ut aliquip ex ea commodo\r\nconsequat. Duis aute irure dolor in reprehenderit in voluptate velit esse\r\ncillum dolore eu fugiat nulla pariatur. Excepteur sint occaecat cupidatat non\r\nproident, sunt in culpa qui officia deserunt mollit anim id est laborum.', '2017-03-07 11:16:28', 9, 'Rogger');

--
-- Индексы сохранённых таблиц
--

--
-- Индексы таблицы `articles`
--
ALTER TABLE `articles`
  ADD PRIMARY KEY (`id`);

--
-- Индексы таблицы `articles_categories`
--
ALTER TABLE `articles_categories`
  ADD PRIMARY KEY (`id`);

--
-- Индексы таблицы `comments`
--
ALTER TABLE `comments`
  ADD PRIMARY KEY (`id`);

--
-- AUTO_INCREMENT для сохранённых таблиц
--

--
-- AUTO_INCREMENT для таблицы `articles`
--
ALTER TABLE `articles`
  MODIFY `id` int(11) NOT NULL AUTO_INCREMENT, AUTO_INCREMENT=95;
--
-- AUTO_INCREMENT для таблицы `articles_categories`
--
ALTER TABLE `articles_categories`
  MODIFY `id` int(11) NOT NULL AUTO_INCREMENT, AUTO_INCREMENT=10;
--
-- AUTO_INCREMENT для таблицы `comments`
--
ALTER TABLE `comments`
  MODIFY `id` int(11) NOT NULL AUTO_INCREMENT, AUTO_INCREMENT=7;
/*!40101 SET CHARACTER_SET_CLIENT=@OLD_CHARACTER_SET_CLIENT */;
/*!40101 SET CHARACTER_SET_RESULTS=@OLD_CHARACTER_SET_RESULTS */;
/*!40101 SET COLLATION_CONNECTION=@OLD_COLLATION_CONNECTION */;
